<manifest version="1.0" type="device" target-level="3">
    <hal format="hidl">
        <name>android.hardware.audio</name>
        <transport>hwbinder</transport>
        <version>6.0</version>
        <interface>
            <name>IDevicesFactory</name>
            <instance>default</instance>
        </interface>
    </hal>
    <hal format="hidl">
        <name>android.hardware.audio.effect</name>
        <transport>hwbinder</transport>
        <version>6.0</version>
        <interface>
            <name>IEffectsFactory</name>
            <instance>default</instance>
        </interface>
    </hal>
    <hal format="hidl">
        <name>android.hardware.biometrics.fingerprint</name>
        <transport>hwbinder</transport>
        <version>2.1</version>
        <interface>
            <name>IBiometricsFingerprint</name>
            <instance>default</instance>
        </interface>
    </hal>
    <hal format="hidl">
        <name>android.hardware.bluetooth</name>
        <transport>hwbinder</transport>
        <version>1.0</version>
        <interface>
            <name>IBluetoothHci</name>
            <instance>default</instance>
        </interface>
    </hal>
    <hal format="hidl">
        <name>android.hardware.bluetooth.audio</name>
        <transport>hwbinder</transport>
        <version>2.0</version>
        <interface>
            <name>IBluetoothAudioProvidersFactory</name>
            <instance>default</instance>
        </interface>
    </hal>
    <hal format="hidl">
        <name>android.hardware.camera.provider</name>
        <transport>hwbinder</transport>
        <version>2.4</version>
        <interface>
            <name>ICameraProvider</name>
            <instance>legacy/0</instance>
        </interface>
    </hal>
    <hal format="hidl">
        <name>android.hardware.configstore</name>
        <transport>hwbinder</transport>
        <version>1.1</version>
        <interface>
            <name>ISurfaceFlingerConfigs</name>
            <instance>default</instance>
        </interface>
    </hal>
    <hal format="hidl">
        <name>android.hardware.drm</name>
        <transport>hwbinder</transport>
        <version>1.0</version>
        <interface>
            <name>ICryptoFactory</name>
            <instance>default</instance>
        </interface>
        <interface>
            <name>IDrmFactory</name>
            <instance>default</instance>
        </interface>
        <fqname>@1.0::ICryptoFactory/default</fqname>
        <fqname>@1.0::IDrmFactory/default</fqname>
        <fqname>@1.2::ICryptoFactory/widevine</fqname>
        <fqname>@1.2::IDrmFactory/widevine</fqname>
    </hal>
    <hal format="hidl">
        <name>android.hardware.gatekeeper</name>
        <transport>hwbinder</transport>
        <version>1.0</version>
        <interface>
            <name>IGatekeeper</name>
            <instance>default</instance>
        </interface>
    </hal>
    <hal format="hidl">
        <name>android.hardware.gnss</name>
        <transport>hwbinder</transport>
        <version>1.0</version>
        <interface>
            <name>IGnss</name>
            <instance>default</instance>
        </interface>
        <fqname>@1.0::IGnss/default</fqname>
        <fqname>@1.0::IGnss/gnss_vendor</fqname>
    </hal>
    <hal format="hidl">
        <name>android.hardware.graphics.allocator</name>
        <transport>hwbinder</transport>
        <version>2.0</version>
        <interface>
            <name>IAllocator</name>
            <instance>default</instance>
        </interface>
    </hal>
    <hal format="hidl">
        <name>android.hardware.graphics.composer</name>
        <transport>hwbinder</transport>
        <version>2.1</version>
        <interface>
            <name>IComposer</name>
            <instance>default</instance>
        </interface>
    </hal>
    <hal format="hidl">
        <name>android.hardware.graphics.mapper</name>
        <transport arch="32+64">passthrough</transport>
        <version>2.1</version>
        <interface>
            <name>IMapper</name>
            <instance>default</instance>
        </interface>
    </hal>
    <hal format="hidl">
        <name>android.hardware.ir</name>
        <transport>hwbinder</transport>
        <version>1.0</version>
        <interface>
            <name>IConsumerIr</name>
            <instance>default</instance>
        </interface>
    </hal>
    <hal format="hidl">
        <name>android.hardware.keymaster</name>
        <transport>hwbinder</transport>
        <version>4.0</version>
        <interface>
            <name>IKeymasterDevice</name>
            <instance>default</instance>
        </interface>
    </hal>
    <hal format="hidl">
        <name>android.hardware.media.omx</name>
        <transport>hwbinder</transport>
        <version>1.0</version>
        <interface>
            <name>IOmx</name>
            <instance>default</instance>
        </interface>
        <interface>
            <name>IOmxStore</name>
            <instance>default</instance>
        </interface>
    </hal>
    <hal format="hidl">
        <name>android.hardware.memtrack</name>
        <transport>hwbinder</transport>
        <version>1.0</version>
        <interface>
            <name>IMemtrack</name>
            <instance>default</instance>
        </interface>
    </hal>
    <hal format="hidl">
        <name>android.hardware.radio</name>
        <transport>hwbinder</transport>
        <fqname>@1.4::IRadio/slot1</fqname>
        <fqname>@1.4::IRadio/slot2</fqname>
        <fqname>@1.2::ISap/slot1</fqname>
        <fqname>@1.2::ISap/slot2</fqname>
    </hal>
    <hal format="hidl">
        <name>android.hardware.radio.config</name>
        <transport>hwbinder</transport>
        <version>1.1</version>
        <interface>
            <name>IRadioConfig</name>
            <instance>default</instance>
        </interface>
    </hal>
    <hal format="hidl">
        <name>android.hardware.renderscript</name>
        <transport arch="32+64">passthrough</transport>
        <version>1.0</version>
        <interface>
            <name>IDevice</name>
            <instance>default</instance>
        </interface>
    </hal>
    <hal format="hidl">
        <name>android.hardware.sensors</name>
        <transport>hwbinder</transport>
        <version>1.0</version>
        <interface>
            <name>ISensors</name>
            <instance>default</instance>
        </interface>
    </hal>
    <hal format="hidl">
        <name>android.hardware.soundtrigger</name>
        <transport>hwbinder</transport>
        <version>2.2</version>
        <interface>
            <name>ISoundTriggerHw</name>
            <instance>default</instance>
        </interface>
    </hal>
    <hal format="hidl">
        <name>android.hardware.tetheroffload.config</name>
        <transport>hwbinder</transport>
        <version>1.0</version>
        <interface>
            <name>IOffloadConfig</name>
            <instance>default</instance>
        </interface>
    </hal>
    <hal format="hidl">
        <name>android.hardware.tetheroffload.control</name>
        <transport>hwbinder</transport>
        <version>1.0</version>
        <interface>
            <name>IOffloadControl</name>
            <instance>default</instance>
        </interface>
    </hal>
    <hal format="hidl">
        <name>android.hardware.vibrator</name>
        <transport>hwbinder</transport>
        <version>1.0</version>
        <interface>
            <name>IVibrator</name>
            <instance>default</instance>
        </interface>
    </hal>
    <hal format="hidl">
        <name>com.fingerprints.extension</name>
        <transport>hwbinder</transport>
        <version>2.0</version>
        <interface>
            <name>IFingerprintEngineering</name>
            <instance>default</instance>
        </interface>
        <interface>
            <name>IFingerprintNavigation</name>
            <instance>default</instance>
        </interface>
        <interface>
            <name>IFingerprintSensorTest</name>
            <instance>default</instance>
        </interface>
    </hal>
    <hal format="hidl">
        <name>com.qualcomm.qti.dpm.api</name>
        <transport>hwbinder</transport>
        <version>1.0</version>
        <interface>
            <name>IdpmQmi</name>
            <instance>dpmQmiService</instance>
        </interface>
    </hal>
    <hal format="hidl">
        <name>com.qualcomm.qti.imscmservice</name>
        <transport>hwbinder</transport>
        <version>2.2</version>
        <interface>
            <name>IImsCmService</name>
            <instance>qti.ims.connectionmanagerservice</instance>
        </interface>
    </hal>
    <hal format="hidl">
        <name>com.qualcomm.qti.uceservice</name>
        <transport>hwbinder</transport>
        <version>2.1</version>
        <interface>
            <name>IUceService</name>
            <instance>com.qualcomm.qti.uceservice</instance>
        </interface>
    </hal>
    <hal format="hidl">
        <name>com.qualcomm.qti.wifidisplayhal</name>
        <transport>hwbinder</transport>
        <version>1.0</version>
        <interface>
            <name>IDSManager</name>
            <instance>wifidisplaydshal</instance>
        </interface>
        <interface>
            <name>IHDCPSession</name>
            <instance>wifidisplayhdcphal</instance>
        </interface>
    </hal>
    <hal format="hidl">
        <name>vendor.display.color</name>
        <transport>hwbinder</transport>
        <version>1.0</version>
        <interface>
            <name>IDisplayColor</name>
            <instance>default</instance>
        </interface>
    </hal>
    <hal format="hidl">
        <name>vendor.display.config</name>
        <transport>hwbinder</transport>
        <version>1.9</version>
        <interface>
            <name>IDisplayConfig</name>
            <instance>default</instance>
        </interface>
    </hal>
    <hal format="hidl">
        <name>vendor.display.postproc</name>
        <transport>hwbinder</transport>
        <version>1.0</version>
        <interface>
            <name>IDisplayPostproc</name>
            <instance>default</instance>
        </interface>
    </hal>
    <hal format="hidl">
        <name>vendor.goodix.hardware.fingerprint</name>
        <transport>hwbinder</transport>
        <version>1.0</version>
        <interface>
            <name>IGoodixBiometricsFingerprint</name>
            <instance>default</instance>
        </interface>
    </hal>
    <hal format="hidl">
        <name>vendor.lineage.livedisplay</name>
        <transport>hwbinder</transport>
        <version>2.0</version>
        <interface>
            <name>IPictureAdjustment</name>
            <instance>default</instance>
        </interface>
    </hal>
    <hal format="hidl">
        <name>vendor.qti.data.factory</name>
        <transport>hwbinder</transport>
        <version>2.0</version>
        <interface>
            <name>IFactory</name>
            <instance>default</instance>
        </interface>
    </hal>
    <hal format="hidl">
        <name>vendor.qti.esepowermanager</name>
        <transport>hwbinder</transport>
        <version>1.0</version>
        <interface>
            <name>IEsePowerManager</name>
            <instance>default</instance>
        </interface>
    </hal>
    <hal format="hidl">
        <name>vendor.qti.gnss</name>
        <transport>hwbinder</transport>
        <version>1.0</version>
        <interface>
            <name>ILocHidlGnss</name>
            <instance>gnss_vendor</instance>
        </interface>
    </hal>
    <hal format="hidl">
        <name>vendor.qti.hardware.alarm</name>
        <transport>hwbinder</transport>
        <version>1.0</version>
        <interface>
            <name>IAlarm</name>
            <instance>default</instance>
        </interface>
    </hal>
    <hal format="hidl">
        <name>vendor.qti.hardware.bluetooth_audio</name>
        <transport>hwbinder</transport>
        <version>2.0</version>
        <interface>
            <name>IBluetoothAudioProvidersFactory</name>
            <instance>default</instance>
        </interface>
    </hal>
    <hal format="hidl">
        <name>vendor.qti.hardware.bluetooth_sar</name>
        <transport>hwbinder</transport>
        <version>1.0</version>
        <interface>
            <name>IBluetoothSar</name>
            <instance>default</instance>
        </interface>
    </hal>
    <hal format="hidl">
        <name>vendor.qti.hardware.btconfigstore</name>
        <transport>hwbinder</transport>
        <version>1.0</version>
        <interface>
            <name>IBTConfigStore</name>
            <instance>default</instance>
        </interface>
    </hal>
    <hal format="hidl">
        <name>vendor.qti.hardware.data.connection</name>
        <transport>hwbinder</transport>
        <version>1.1</version>
        <interface>
            <name>IDataConnection</name>
            <instance>slot1</instance>
            <instance>slot2</instance>
        </interface>
    </hal>
    <hal format="hidl">
        <name>vendor.qti.hardware.data.latency</name>
        <transport>hwbinder</transport>
        <version>1.0</version>
        <interface>
            <name>ILinkLatency</name>
            <instance>default</instance>
        </interface>
    </hal>
    <hal format="hidl">
        <name>vendor.qti.hardware.cryptfshw</name>
        <transport>hwbinder</transport>
        <version>1.0</version>
        <interface>
            <name>ICryptfsHw</name>
            <instance>default</instance>
        </interface>
    </hal>
    <hal format="hidl">
        <name>vendor.qti.hardware.qdutils_disp</name>
        <transport>hwbinder</transport>
        <version>1.0</version>
        <interface>
            <name>IQdutilsDisp</name>
            <instance>default</instance>
        </interface>
    </hal>
    <hal format="hidl">
        <name>vendor.qti.hardware.qteeconnector</name>
        <transport>hwbinder</transport>
        <version>1.0</version>
        <interface>
            <name>IAppConnector</name>
            <instance>default</instance>
        </interface>
        <interface>
            <name>IGPAppConnector</name>
            <instance>default</instance>
        </interface>
    </hal>
    <hal format="hidl">
        <name>vendor.qti.hardware.radio.am</name>
        <transport>hwbinder</transport>
        <version>1.0</version>
        <interface>
            <name>IQcRilAudio</name>
            <instance>slot1</instance>
            <instance>slot2</instance>
        </interface>
    </hal>
    <hal format="hidl">
        <name>vendor.qti.hardware.radio.ims</name>
        <transport>hwbinder</transport>
        <version>1.5</version>
        <interface>
            <name>IImsRadio</name>
            <instance>imsradio0</instance>
            <instance>imsradio1</instance>
        </interface>
    </hal>
    <hal format="hidl">
        <name>vendor.qti.hardware.radio.lpa</name>
        <transport>hwbinder</transport>
        <version>1.0</version>
        <interface>
            <name>IUimLpa</name>
            <instance>UimLpa0</instance>
            <instance>UimLpa1</instance>
        </interface>
    </hal>
    <hal format="hidl">
        <name>vendor.qti.hardware.radio.qcrilhook</name>
        <transport>hwbinder</transport>
        <version>1.0</version>
        <interface>
            <name>IQtiOemHook</name>
            <instance>oemhook0</instance>
            <instance>oemhook1</instance>
        </interface>
    </hal>
    <!-- QSEECom HAL service -->
    <hal format="hidl">
        <name>vendor.qti.hardware.qseecom</name>
        <transport>hwbinder</transport>
        <version>1.0</version>
        <interface>
            <name>IQSEECom</name>
            <instance>default</instance>
        </interface>
    </hal>
    <hal format="hidl">
        <name>vendor.qti.hardware.radio.qtiradio</name>
        <transport>hwbinder</transport>
        <version>2.3</version>
        <interface>
            <name>IQtiRadio</name>
            <instance>slot1</instance>
            <instance>slot2</instance>
        </interface>
    </hal>
    <hal format="hidl">
        <name>vendor.qti.hardware.radio.uim</name>
        <transport>hwbinder</transport>
        <version>1.2</version>
        <interface>
            <name>IUim</name>
            <instance>Uim0</instance>
            <instance>Uim1</instance>
        </interface>
    </hal>
    <hal format="hidl">
        <name>vendor.qti.hardware.radio.uim_remote_client</name>
        <transport>hwbinder</transport>
        <version>1.0</version>
        <interface>
            <name>IUimRemoteServiceClient</name>
            <instance>uimRemoteClient0</instance>
            <instance>uimRemoteClient1</instance>
        </interface>
    </hal>
    <hal format="hidl">
        <name>vendor.qti.hardware.radio.uim_remote_server</name>
        <transport>hwbinder</transport>
        <version>1.0</version>
        <interface>
            <name>IUimRemoteServiceServer</name>
            <instance>uimRemoteServer0</instance>
            <instance>uimRemoteServer1</instance>
        </interface>
    </hal>
    <hal format="hidl">
        <name>vendor.qti.hardware.soter</name>
        <transport>hwbinder</transport>
        <version>1.0</version>
        <interface>
            <name>ISoter</name>
            <instance>default</instance>
        </interface>
    </hal>
    <hal format="hidl">
        <name>vendor.qti.hardware.tui_comm</name>
        <transport>hwbinder</transport>
        <version>1.0</version>
        <interface>
            <name>ITuiComm</name>
            <instance>default</instance>
        </interface>
    </hal>
    <hal format="hidl">
        <name>vendor.qti.hardware.wigig.netperftuner</name>
        <transport>hwbinder</transport>
        <version>1.0</version>
        <interface>
            <name>INetPerfTuner</name>
            <instance>default</instance>
        </interface>
    </hal>
    <hal format="hidl">
        <name>vendor.qti.hardware.wigig.supptunnel</name>
        <transport>hwbinder</transport>
        <version>1.0</version>
        <interface>
            <name>ISuppTunnelProvider</name>
            <instance>default</instance>
        </interface>
    </hal>
    <hal format="hidl">
        <name>vendor.qti.ims.callinfo</name>
        <transport>hwbinder</transport>
        <version>1.0</version>
        <interface>
            <name>IService</name>
            <instance>default</instance>
        </interface>
    </hal>
    <hal format="hidl">
        <name>vendor.qti.imsrtpservice</name>
        <transport>hwbinder</transport>
        <version>2.1</version>
        <interface>
            <name>IRTPService</name>
            <instance>imsrtpservice</instance>
        </interface>
    </hal>
</manifest>
