{
  "Nodes": [
    {
      "Name": "CPULittleClusterMaxFreq",
      "Path": "/sys/devices/system/cpu/cpu0/cpufreq/scaling_max_freq",
      "Values": [
        "9999999",
        "1670400",
        "1536000",
        "1363200"
      ],
      "DefaultIndex": 0,
      "ResetOnInit": true
    },
    {
      "Name": "CPULittleClusterMinFreq",
      "Path": "/sys/devices/system/cpu/cpu0/cpufreq/scaling_min_freq",
      "Values": [
        "9999999",
        "1670400",
        "1536000",
        "1363200",
        "1036800",
        "883200",
		"614400"
      ],
      "ResetOnInit": true
    },
    {
      "Name": "CPUBigClusterMaxFreq",
      "Path": "/sys/devices/system/cpu/cpu4/cpufreq/scaling_max_freq",
      "Values": [
        "9999999",
        "1555200",
        "1401600",
        "1094400"
      ],
      "DefaultIndex": 0,
      "ResetOnInit": true
    },
    {
      "Name": "CPUBigClusterMinFreq",
      "Path": "/sys/devices/system/cpu/cpu4/cpufreq/scaling_min_freq",
      "Values": [
        "9999999",
        "1555200",
        "1401600",
        "1094400",
        "902400",
        "633600"
      ],
      "ResetOnInit": true
    },
    {
      "Name": "GPUMaxFreq",
      "Path": "/sys/class/kgsl/kgsl-3d0/devfreq/max_freq",
      "Values": [
        "725000000",
        "650000000",
        "560000000",
        "510000000",
		"400000000",
		"320000000",
		"216000000",
		"133330000"
      ],
      "DefaultIndex": 0,
      "ResetOnInit": true
    },
    {
      "Name": "GPUMinFreq",
      "Path": "/sys/class/kgsl/kgsl-3d0/devfreq/min_freq",
      "Values": [
		"650000000",
		"560000000",
		"510000000",
		"400000000",
		"320000000",
		"216000000",
        "133330000"
	  ],
      "ResetOnInit": true
    },
    {
      "Name": "GPUBusMinFreq",
      "Path": "/sys/class/devfreq/soc:qcom,gpubw/min_freq",
      "Values": [
        "7104",
        "6445",
        "6152",
		"5859",
		"5126",
		"4248",
		"3222",
		"2929",
		"2124",
		"1611",
		"0"
      ],
      "ResetOnInit": true
    },
    {
      "Name": "GPUForceRailOn",
      "Path": "/sys/class/kgsl/kgsl-3d0/force_rail_on",
      "Values": [
        "1",
        "0"
      ],
      "ResetOnInit": true
    },
    {
      "Name": "GPUForceClkOn",
      "Path": "/sys/class/kgsl/kgsl-3d0/force_clk_on",
      "Values": [
        "1",
        "0"
      ],
      "ResetOnInit": true
    },
    {
      "Name": "GPUIdleTimer",
      "Path": "/sys/class/kgsl/kgsl-3d0/idle_timer",
      "Values": [
        "10000",
        "80"
      ],
      "ResetOnInit": true
    },
    {
      "Name": "TASchedtuneBoost",
      "Path": "/dev/stune/top-app/schedtune.boost",
      "Values": [
        "50",
        "10"
      ],
      "ResetOnInit": true
    },
    {
      "Name": "CPUBWHystTriggerCount",
      "Path": "/sys/class/devfreq/soc:qcom,cpubw/bw_hwmon/hyst_trigger_count",
      "Values": [
        "0",
        "3"
      ],
      "ResetOnInit": true
    },
    {
      "Name": "CPUBWHistMemory",
      "Path": "/sys/class/devfreq/soc:qcom,cpubw/bw_hwmon/hist_memory",
      "Values": [
        "0",
        "20"
      ],
      "ResetOnInit": true
    },
    {
      "Name": "CPUBWHystLength",
      "Path": "/sys/class/devfreq/soc:qcom,cpubw/bw_hwmon/hyst_length",
      "Values": [
        "0",
        "10"
      ],
      "ResetOnInit": true
    },
    {
      "Name": "CPUBWSampleMs",
      "Path": "/sys/class/devfreq/soc:qcom,cpubw/bw_hwmon/sample_ms",
      "Values": [
        "4"
      ],
      "ResetOnInit": true
    },
    {
      "Name": "CPUBWIOPercent",
      "Path": "/sys/class/devfreq/soc:qcom,cpubw/bw_hwmon/io_percent",
      "Values": [
        "34"
      ],
      "ResetOnInit": true
    },
    {
      "Name": "CPUBWMinFreq",
      "Path": "/sys/class/devfreq/soc:qcom,cpubw/min_freq",
      "Values": [
        "7104",
        "6445",
        "6152",
        "5859",
        "5126",
        "4248",
		"3221",
		"2929",
		"2124",
		"1611",
		"769"
      ],
      "ResetOnInit": true
    },
    {
      "Name": "PMQoSCpuDmaLatency",
      "Path": "/dev/cpu_dma_latency",
      "Values": [
        "67",
        "100"
      ],
      "HoldFd": true
    },
    {
      "Name": "SchedBoost",
      "Path": "/proc/sys/kernel/sched_boost",
      "Values": [
        "1",
        "0"
      ],
      "ResetOnInit": true
    },
    {
      "Name": "PowerHALMainState",
      "Path": "vendor.powerhal.state",
      "Values": [
        "SUSTAINED_PERFORMANCE",
        ""
      ],
      "Type": "Property"
    },
    {
      "Name": "PowerHALAudioState",
      "Path": "vendor.powerhal.audio",
      "Values": [
        "AUDIO_STREAMING_LOW_LATENCY",
        ""
      ],
      "Type": "Property"
    },
    {
      "Name": "PowerHALRenderingState",
      "Path": "vendor.powerhal.rendering",
      "Values": [
        "EXPENSIVE_RENDERING",
        ""
      ],
      "Type": "Property"
    }
  ],
  "Actions": [
    {
      "PowerHint": "SUSTAINED_PERFORMANCE",
      "Node": "CPUBigClusterMaxFreq",
      "Duration": 0,
      "Value": "9999999"
    },
    {
      "PowerHint": "SUSTAINED_PERFORMANCE",
      "Node": "PowerHALMainState",
      "Duration": 0,
      "Value": "SUSTAINED_PERFORMANCE"
    },
    {
      "PowerHint": "SUSTAINED_PERFORMANCE",
      "Node": "CPULittleClusterMaxFreq",
      "Duration": 0,
      "Value": "9999999"
    },
    {
      "PowerHint": "SUSTAINED_PERFORMANCE",
      "Node": "GPUMaxFreq",
      "Duration": 0,
      "Value": "510000000"
    },
    {
      "PowerHint": "INTERACTION",
      "Node": "CPUBigClusterMinFreq",
      "Duration": 0,
      "Value": "1094400"
    },
    {
      "PowerHint": "INTERACTION",
      "Node": "CPULittleClusterMinFreq",
      "Duration": 0,
      "Value": "9999999"
    },
    {
      "PowerHint": "INTERACTION",
      "Node": "TASchedtuneBoost",
      "Duration": 0,
      "Value": "50"
    },
    {
      "PowerHint": "INTERACTION",
      "Node": "CPUBWHystTriggerCount",
      "Duration": 0,
      "Value": "0"
    },
    {
      "PowerHint": "INTERACTION",
      "Node": "CPUBWHystLength",
      "Duration": 0,
      "Value": "0"
    },
    {
      "PowerHint": "INTERACTION",
      "Node": "CPUBWHistMemory",
      "Duration": 0,
      "Value": "0"
    },
    {
      "PowerHint": "INTERACTION",
      "Node": "CPUBWMinFreq",
      "Duration": 0,
      "Value": "5126"
    },
    {
      "PowerHint": "LAUNCH",
      "Node": "SchedBoost",
      "Duration": 5000,
      "Value": "1"
    },
    {
      "PowerHint": "LAUNCH",
      "Node": "CPUBigClusterMaxFreq",
      "Duration": 5000,
      "Value": "9999999"
    },
    {
      "PowerHint": "LAUNCH",
      "Node": "CPUBigClusterMinFreq",
      "Duration": 5000,
      "Value": "9999999"
    },
    {
      "PowerHint": "LAUNCH",
      "Node": "CPULittleClusterMinFreq",
      "Duration": 5000,
      "Value": "9999999"
    },
    {
      "PowerHint": "LAUNCH",
      "Node": "PMQoSCpuDmaLatency",
      "Duration": 5000,
      "Value": "67"
    },
    {
      "PowerHint": "LAUNCH",
      "Node": "CPUBWHystTriggerCount",
      "Duration": 5000,
      "Value": "0"
    },
    {
      "PowerHint": "LAUNCH",
      "Node": "CPUBWHystLength",
      "Duration": 5000,
      "Value": "0"
    },
    {
      "PowerHint": "LAUNCH",
      "Node": "CPUBWHistMemory",
      "Duration": 5000,
      "Value": "0"
    },
    {
      "PowerHint": "LAUNCH",
      "Node": "CPUBWMinFreq",
      "Duration": 5000,
      "Value": "7104"
    },
    {
      "PowerHint": "LAUNCH",
      "Node": "GPUForceClkOn",
      "Duration": 5000,
      "Value": "1"
    },
    {
      "PowerHint": "LAUNCH",
      "Node": "GPUForceRailOn",
      "Duration": 5000,
      "Value": "1"
    },
    {
      "PowerHint": "LAUNCH",
      "Node": "GPUIdleTimer",
      "Duration": 5000,
      "Value": "10000"
    },
    {
      "PowerHint": "CAMERA_LAUNCH",
      "Node": "CPUBigClusterMaxFreq",
      "Duration": 1000,
      "Value": "9999999"
    },
    {
      "PowerHint": "CAMERA_LAUNCH",
      "Node": "CPUBigClusterMinFreq",
      "Duration": 1000,
      "Value": "9999999"
    },
    {
      "PowerHint": "CAMERA_LAUNCH",
      "Node": "CPULittleClusterMinFreq",
      "Duration": 1000,
      "Value": "9999999"
    },
    {
      "PowerHint": "CAMERA_LAUNCH",
      "Node": "PMQoSCpuDmaLatency",
      "Duration": 1000,
      "Value": "67"
    },
    {
      "PowerHint": "CAMERA_STREAMING_MID",
      "Node": "CPUBigClusterMaxFreq",
      "Duration": 0,
      "Value": "1555200"
    },
    {
      "PowerHint": "CAMERA_STREAMING_HIGH",
      "Node": "CPUBigClusterMaxFreq",
      "Duration": 0,
      "Value": "1555200"
    },
    {
      "PowerHint": "CAMERA_STREAMING_HIGH",
      "Node": "GPUMinFreq",
      "Duration": 0,
      "Value": "650000000"
    },
    {
      "PowerHint": "CAMERA_STREAMING_HIGH",
      "Node": "GPUMaxFreq",
      "Duration": 0,
      "Value": "725000000"
    },
    {
      "PowerHint": "CAMERA_STREAMING_LOW",
      "Node": "CPUBigClusterMaxFreq",
      "Duration": 0,
      "Value": "1555200"
    },
    {
      "PowerHint": "CAMERA_SHOT",
      "Node": "CPUBigClusterMaxFreq",
      "Duration": 1000,
      "Value": "9999999"
    },
    {
      "PowerHint": "CAMERA_SHOT",
      "Node": "CPUBigClusterMinFreq",
      "Duration": 1000,
      "Value": "9999999"
    },
    {
      "PowerHint": "CAMERA_SHOT",
      "Node": "CPULittleClusterMaxFreq",
      "Duration": 1000,
      "Value": "9999999"
    },
    {
      "PowerHint": "CAMERA_SHOT",
      "Node": "CPULittleClusterMinFreq",
      "Duration": 1000,
      "Value": "9999999"
    },
    {
      "PowerHint": "CAMERA_SHOT",
      "Node": "PMQoSCpuDmaLatency",
      "Duration": 1000,
      "Value": "67"
    },
    {
      "PowerHint": "AUDIO_LAUNCH",
      "Node": "CPUBigClusterMinFreq",
      "Duration": 2000,
      "Value": "1094400"
    },
    {
      "PowerHint": "AUDIO_LAUNCH",
      "Node": "PMQoSCpuDmaLatency",
      "Duration": 2000,
      "Value": "67"
    },
    {
      "PowerHint": "AUDIO_STREAMING_LOW_LATENCY",
      "Node": "PowerHALAudioState",
      "Duration": 0,
      "Value": "AUDIO_STREAMING_LOW_LATENCY"
    },
    {
      "PowerHint": "AUDIO_STREAMING_LOW_LATENCY",
      "Node": "PMQoSCpuDmaLatency",
      "Duration": 0,
      "Value": "67"
    },
    {
      "PowerHint": "EXPENSIVE_RENDERING",
      "Node": "PowerHALRenderingState",
      "Duration": 0,
      "Value": "EXPENSIVE_RENDERING"
    },
    {
      "PowerHint": "EXPENSIVE_RENDERING",
      "Node": "GPUMinFreq",
      "Duration": 0,
      "Value": "650000000"
    },
    {
      "PowerHint": "EXPENSIVE_RENDERING",
      "Node": "GPUMaxFreq",
      "Duration": 0,
      "Value": "725000000"
    }
  ]
}
